[
  {
    "first_name": "Georgi",
    "gender": "M",
    "last_name": "Facello"
  },
  {
    "first_name": "Bezalel",
    "gender": "F",
    "last_name": "Simmel"
  },
  {
    "first_name": "Parto",
    "gender": "M",
    "last_name": "Bamford"
  },
  {
    "first_name": "Chirstian",
    "gender": "M",
    "last_name": "Koblick"
  },
  {
    "first_name": "Kyoichi",
    "gender": "M",
    "last_name": "Maliniak"
  },
  {
    "first_name": "Anneke",
    "gender": "F",
    "last_name": "Preusig"
  },
  {
    "first_name": "Tzvetan",
    "gender": "F",
    "last_name": "Zielinski"
  },
  {
    "first_name": "Saniya",
    "gender": "M",
    "last_name": "Kalloufi"
  },
  {
    "first_name": "Sumant",
    "gender": "F",
    "last_name": "Peac"
  },
  {
    "first_name": "Duangkaew",
    "gender": "F",
    "last_name": "Piveteau"
  },
  {
    "first_name": "Mary",
    "gender": "F",
    "last_name": "Sluis"
  },
  {
    "first_name": "Patricio",
    "gender": "M",
    "last_name": "Bridgland"
  },
  {
    "first_name": "Eberhardt",
    "gender": "M",
    "last_name": "Terkki"
  },
  {
    "first_name": "Berni",
    "gender": "M",
    "last_name": "Genin"
  },
  {
    "first_name": "Guoxiang",
    "gender": "M",
    "last_name": "Nooteboom"
  },
  {
    "first_name": "Kazuhito",
    "gender": "M",
    "last_name": "Cappelletti"
  },
  {
    "first_name": "Cristinel",
    "gender": "F",
    "last_name": "Bouloucos"
  },
  {
    "first_name": "Kazuhide",
    "gender": "F",
    "last_name": "Peha"
  },
  {
    "first_name": "Lillian",
    "gender": "M",
    "last_name": "Haddadi"
  },
  {
    "first_name": "Mayuko",
    "gender": "M",
    "last_name": "Warwick"
  },
  {
    "first_name": "Ramzi",
    "gender": "M",
    "last_name": "Erde"
  },
  {
    "first_name": "Shahaf",
    "gender": "M",
    "last_name": "Famili"
  },
  {
    "first_name": "Bojan",
    "gender": "F",
    "last_name": "Montemayor"
  },
  {
    "first_name": "Suzette",
    "gender": "F",
    "last_name": "Pettey"
  },
  {
    "first_name": "Prasadram",
    "gender": "M",
    "last_name": "Heyers"
  },
  {
    "first_name": "Yongqiao",
    "gender": "M",
    "last_name": "Berztiss"
  },
  {
    "first_name": "Divier",
    "gender": "F",
    "last_name": "Reistad"
  },
  {
    "first_name": "Domenick",
    "gender": "M",
    "last_name": "Tempesti"
  },
  {
    "first_name": "Otmar",
    "gender": "M",
    "last_name": "Herbst"
  },
  {
    "first_name": "Elvis",
    "gender": "M",
    "last_name": "Demeyer"
  },
  {
    "first_name": "Karsten",
    "gender": "M",
    "last_name": "Joslin"
  },
  {
    "first_name": "Jeong",
    "gender": "F",
    "last_name": "Reistad"
  },
  {
    "first_name": "Arif",
    "gender": "M",
    "last_name": "Merlo"
  },
  {
    "first_name": "Bader",
    "gender": "M",
    "last_name": "Swan"
  },
  {
    "first_name": "Alain",
    "gender": "M",
    "last_name": "Chappelet"
  },
  {
    "first_name": "Adamantios",
    "gender": "M",
    "last_name": "Portugali"
  },
  {
    "first_name": "Pradeep",
    "gender": "M",
    "last_name": "Makrucki"
  },
  {
    "first_name": "Huan",
    "gender": "M",
    "last_name": "Lortz"
  },
  {
    "first_name": "Alejandro",
    "gender": "M",
    "last_name": "Brender"
  },
  {
    "first_name": "Weiyi",
    "gender": "F",
    "last_name": "Meriste"
  },
  {
    "first_name": "Uri",
    "gender": "F",
    "last_name": "Lenart"
  },
  {
    "first_name": "Magy",
    "gender": "F",
    "last_name": "Stamatiou"
  },
  {
    "first_name": "Yishay",
    "gender": "M",
    "last_name": "Tzvieli"
  },
  {
    "first_name": "Mingsen",
    "gender": "F",
    "last_name": "Casley"
  },
  {
    "first_name": "Moss",
    "gender": "M",
    "last_name": "Shanbhogue"
  },
  {
    "first_name": "Lucien",
    "gender": "M",
    "last_name": "Rosenbaum"
  },
  {
    "first_name": "Zvonko",
    "gender": "M",
    "last_name": "Nyanchama"
  },
  {
    "first_name": "Florian",
    "gender": "M",
    "last_name": "Syrotiuk"
  },
  {
    "first_name": "Basil",
    "gender": "F",
    "last_name": "Tramer"
  },
  {
    "first_name": "Yinghua",
    "gender": "M",
    "last_name": "Dredge"
  }
]